<?xml version="1.0" encoding="UTF-8"?>
<project-private xmlns="http://www.netbeans.org/ns/project-private/1">
    <editor-bookmarks xmlns="http://www.netbeans.org/ns/editor-bookmarks/2" lastBookmarkId="0"/>
    <open-files xmlns="http://www.netbeans.org/ns/projectui-open-files/2">
        <group>
            <file>file:/D:/Semester%203.1/CSE%203104/Project/JavaApplication29/src/Project/editMember.java</file>
            <file>file:/D:/Semester%203.1/CSE%203104/Project/JavaApplication29/src/Project/ConnectMSSQL.java</file>
            <file>file:/D:/Semester%203.1/CSE%203104/Project/JavaApplication29/src/Project/Login.java</file>
            <file>file:/D:/Semester%203.1/CSE%203104/Project/JavaApplication29/src/Project/staff.java</file>
            <file>file:/D:/Semester%203.1/CSE%203104/Project/JavaApplication29/src/Project/home.java</file>
            <file>file:/D:/Semester%203.1/CSE%203104/Project/JavaApplication29/src/Project/editTrainer.java</file>
            <file>file:/D:/Semester%203.1/CSE%203104/Project/JavaApplication29/src/Project/showStaff.java</file>
            <file>file:/D:/Semester%203.1/CSE%203104/Project/JavaApplication29/src/Project/showEquipments.java</file>
            <file>file:/D:/Semester%203.1/CSE%203104/Project/JavaApplication29/src/Project/AddMember.java</file>
            <file>file:/D:/Semester%203.1/CSE%203104/Project/JavaApplication29/src/Project/newEquip.java</file>
            <file>file:/D:/Semester%203.1/CSE%203104/Project/JavaApplication29/src/Project/showManager.java</file>
            <file>file:/D:/Semester%203.1/CSE%203104/Project/JavaApplication29/src/Project/editEquip.java</file>
            <file>file:/D:/Semester%203.1/CSE%203104/Project/JavaApplication29/src/Project/showCustomer.java</file>
            <file>file:/D:/Semester%203.1/CSE%203104/Project/JavaApplication29/src/Project/adManager.java</file>
            <file>file:/D:/Semester%203.1/CSE%203104/Project/JavaApplication29/src/Project/editstaff.java</file>
            <file>file:/D:/Semester%203.1/CSE%203104/Project/JavaApplication29/src/Project/showTrainer.java</file>
            <file>file:/D:/Semester%203.1/CSE%203104/Project/JavaApplication29/src/Project/trainer.java</file>
        </group>
    </open-files>
</project-private>
